id_artista,name,followers,genres
1,Billie Eilish,68407227.0,"art pop, electropop, pop"
2,Drake,66852536.0,"canadian hip hop, canadian pop, hip hop, rap, toronto rap"
3,Eminem,59184634.0,"detroit hip hop, hip hop, rap"
4,Arijit Singh,58523986.0,"desi pop, filmi, modern bollywood"
5,Rihanna,50002769.0,"barbadian pop, dance pop, pop, urban contemporary"
6,The Weeknd,49387909.0,"canadian contemporary r&b, canadian pop, pop"
7,Queen,42644068.0,"classic rock, glam rock, rock"
8,Adele,42174621.0,"british soul, pop, pop soul, uk pop"
9,Shawn Mendes,39186962.0,"canadian pop, dance pop, pop, viral pop"
10,Post Malone,38085069.0,"dfw rap, melodic rap, rap"
11,Neha Kakkar,37695348.0,"desi pop, filmi, modern bollywood"
12,Selena Gomez,37269207.0,"dance pop, pop, post-teen pop, uk pop"
13,Dua Lipa,36163788.0,"dance pop, pop, uk pop"
14,J Balvin,35224872.0,"reggaeton, reggaeton colombiano, trap latino"
15,Marshmello,34229273.0,"brostep, dance pop, edm, pop, pop dance, progressive electro house"
16,Ozuna,33511653.0,"puerto rican pop, reggaeton, trap latino"
17,Maluma,32165351.0,"reggaeton, reggaeton colombiano, trap latino"
18,Beyoncé,32087569.0,"dance pop, pop, r&b"
19,Daddy Yankee,29446452.0,"latin hip hop, reggaeton, trap latino"
20,Camila Cabello,27956268.0,"dance pop, pop, post-teen pop, uk pop"
21,One Direction,27287402.0,"boy band, pop, post-teen pop, talent show"
22,Nicki Minaj,26039960.0,"dance pop, hip pop, pop, queens hip hop, rap"
23,Guns N' Roses,25796418.0,"glam metal, hard rock, rock"
24,Shakira,24902736.0,"colombian pop, dance pop, latin pop"
25,David Guetta,24692289.0,"big room, dance pop, edm, pop, pop dance"
26,AC/DC,24321731.0,"australian rock, hard rock, rock"
27,Sia,24304639.0,"australian dance, australian pop, dance pop, pop"
28,Michael Jackson,24070351.0,"pop, r&b, soul"
29,A.R. Rahman,23828027.0,"desi pop, filmi, modern bollywood"
30,Anuel AA,23825538.0,"reggaeton, reggaeton flow, trap boricua, trap latino"
31,The Beatles,23534961.0,"beatlesque, british invasion, classic rock, merseybeat, psychedelic rock, rock"
32,Demi Lovato,23189982.0,"dance pop, pop, post-teen pop, uk pop"
33,Lady Gaga,23126039.0,"art pop, dance pop, pop"
34,Calvin Harris,22819977.0,"dance pop, edm, electro house, house, pop, progressive house, uk dance"
35,Metallica,22119035.0,"hard rock, metal, old school thrash, rock, thrash metal"
36,Avicii,22055236.0,"dance pop, edm, pop, pop dance, pop rap"
37,Linkin Park,21701335.0,"alternative metal, nu metal, post-grunge, rap metal"
38,Kendrick Lamar,21389956.0,"conscious hip hop, hip hop, rap, west coast rap"
39,ZAYN,21261196.0,"dance pop, pop, post-teen pop, uk pop"
40,Badshah,21078215.0,"desi hip hop, desi pop, desi trap, haryanvi pop, modern bollywood"
41,Travis Scott,20990560.0,"hip hop, rap, slap house"
42,Cardi B,20361435.0,"dance pop, pop, rap"
43,Sam Smith,20100976.0,"dance pop, pop, uk pop"
44,The Chainsmokers,19441428.0,"dance pop, edm, electropop, pop, pop dance, tropical house"
45,Paulo Londra,18522051.0,"argentine hip hop, trap argentino, trap latino"
46,Red Hot Chili Peppers,18337096.0,"alternative rock, funk metal, funk rock, permanent wave"
47,Halsey,18336232.0,"dance pop, electropop, etherpop, indie poptimism, pop"
48,J. Cole,17839233.0,"conscious hip hop, hip hop, north carolina hip hop, rap"
49,Nicky Jam,17688765.0,"latin hip hop, reggaeton, trap latino"
50,Pink Floyd,17493989.0,"album rock, art rock, classic rock, progressive rock, psychedelic rock, rock, symphonic rock"
51,Charlie Puth,17411695.0,"dance pop, pop, viral pop"
52,Jorge & Mateus,17262357.0,"arrocha, sertanejo, sertanejo universitario"
53,Gusttavo Lima,17171304.0,"arrocha, sertanejo, sertanejo universitario"
54,Zé Neto & Cristiano,17107399.0,"arrocha, sertanejo, sertanejo pop, sertanejo universitario"
55,Chris Brown,16868785.0,"dance pop, pop, r&b"
56,Banda MS de Sergio Lizárraga,15958199.0,"banda, musica mexicana, norteno"
57,Nirvana,15903777.0,"alternative rock, grunge, permanent wave, rock"
58,Arctic Monkeys,15862633.0,"garage rock, modern rock, permanent wave, rock, sheffield indie"
59,Martin Garrix,15611329.0,"dance pop, dutch edm, edm, electro house, pop, pop dance, progressive house, tropical house"
60,Armaan Malik,15289921.0,"desi pop, filmi, modern bollywood"
61,Melanie Martinez,14998569.0,"alt z, electropop, pop"
62,Fifth Harmony,14789933.0,"dance pop, girl group, pop, post-teen pop, talent show, uk pop"
63,OneRepublic,14155283.0,"piano rock, pop, pop rock"
64,Farruko,13975050.0,"latin hip hop, reggaeton, trap latino"
65,Lil Uzi Vert,13751353.0,"melodic rap, philly rap, rap, trap"
66,Shreya Ghoshal,13690681.0,"desi pop, filmi, modern bollywood"
67,2Pac,13505422.0,"g funk, gangster rap, hip hop, rap, west coast rap"
68,Diljit Dosanjh,12700629.0,"desi pop, filmi, modern bollywood, punjabi pop"
69,Anirudh Ravichander,12592048.0,"desi hip hop, filmi, tamil hip hop"
70,Lil Wayne,12587804.0,"hip hop, new orleans rap, pop rap, rap, trap"
71,Aerosmith,12554856.0,"album rock, classic rock, hard rock, rock"
72,Led Zeppelin,12553050.0,"album rock, classic rock, hard rock, rock"
73,Migos,12531248.0,"atl hip hop, hip hop, pop rap, rap, trap"
74,Guru Randhawa,12434230.0,"desi hip hop, desi pop, modern bollywood"
75,Becky G,12260786.0,"dance pop, latin viral pop, pop, rap latina, reggaeton"
76,Jennifer Lopez,12205071.0,"dance pop, pop, pop rap, urban contemporary"
77,Anitta,12159259.0,"funk carioca, funk pop, pagode baiano, pop nacional"
78,The Rolling Stones,12128335.0,"british invasion, classic rock, rock"
79,Future,12110689.0,"atl hip hop, rap, southern hip hop, trap"
80,Christian Nodal,12083328.0,"mariachi, musica mexicana, nueva musica mexicana, ranchera"
81,Cartel De Santa,11843585.0,"latin hip hop, mexican hip hop, narco rap"
82,Alok,11765605.0,"electro house, pop nacional, slap house"
83,Meghan Trainor,11651673.0,"dance pop, hip pop, pop, post-teen pop, uk pop"
84,21 Savage,11641065.0,"atl hip hop, rap, trap"
85,Lil Baby,11530234.0,"atl hip hop, atl trap, rap, trap"
86,Jason Derulo,11522281.0,"dance pop, pop, pop rap, post-teen pop"
87,A$AP Rocky,11299781.0,"east coast hip hop, hip hop, rap"
88,Maiara & Maraisa,11280023.0,"sertanejo, sertanejo pop, sertanejo universitario"
89,Sunidhi Chauhan,11237947.0,"desi pop, filmi, modern bollywood, sufi"
90,Sech,11171905.0,"panamanian pop, reggaeton, trap latino"
91,Ellie Goulding,11123144.0,"dance pop, edm, electropop, indietronica, metropopolis, pop, uk pop"
92,Wesley Safadão,11101764.0,"arrocha, forro, sertanejo pop"
93,Rahat Fateh Ali Khan,11078618.0,"classic pakistani pop, filmi, modern bollywood, qawwali, sufi"
94,Little Mix,10712654.0,"dance pop, girl group, pop, post-teen pop, talent show, uk pop"
95,Wiz Khalifa,10707810.0,"hip hop, pittsburgh rap, pop rap, rap, southern hip hop, trap"
96,Ankit Tiwari,10692939.0,"desi pop, filmi, modern bollywood"
97,Alessia Cara,10659888.0,"canadian contemporary r&b, canadian pop, dance pop, pop, post-teen pop, uk pop"
98,Zara Larsson,10363452.0,"dance pop, edm, electropop, pop, pop dance, post-teen pop, scandipop, swedish electropop, swedish pop, tropical house, uk pop"
99,Jessie J,10317145.0,"dance pop, pop, pop rap, post-teen pop, uk pop"
100,Manuel Turizo,10307598.0,"colombian pop, latin pop, reggaeton, reggaeton colombiano, trap latino"
101,James Arthur,10257337.0,"pop, talent show, uk pop"
102,Matheus & Kauan,10227915.0,"arrocha, pop nacional, sertanejo pop, sertanejo universitario"
103,U2,10185420.0,"irish rock, permanent wave, rock"
104,Foo Fighters,10184722.0,"alternative metal, alternative rock, modern rock, permanent wave, post-grunge, rock"
105,Sidhu Moose Wala,10152278.0,"desi hip hop, desi pop, pakistani hip hop, punjabi hip hop"
106,DaBaby,10052327.0,"north carolina hip hop, rap, trap"
107,The Neighbourhood,10028232.0,"modern alternative rock, modern rock, pop, shimmer pop"
108,Elton John,10022395.0,"glam rock, mellow gold, piano rock"
109,Big Sean,10005476.0,"detroit hip hop, hip hop, pop, pop rap, r&b, rap, southern hip hop, trap"
110,Usher,9973798.0,"atl hip hop, contemporary r&b, dance pop, pop, r&b, south carolina hip hop, urban contemporary"
111,Ricardo Arjona,9958727.0,"cantautor, latin arena pop, latin pop, rock en espanol"
112,Anne-Marie,9953282.0,"dance pop, pop, pop dance, post-teen pop, tropical house, uk pop"
113,Frank Ocean,9951370.0,"hip hop, lgbtq+ hip hop, neo soul, pop"
114,Alicia Keys,9950082.0,"hip pop, neo soul, pop, r&b, urban contemporary"
115,Atif Aslam,9934193.0,"classic pakistani pop, desi pop, filmi, modern bollywood, sufi"
116,Lorde,9863458.0,"art pop, metropopolis, nz pop, pop, yakut pop"
117,Childish Gambino,9784282.0,"atl hip hop, hip hop, pop, rap"
118,Liam Payne,9765888.0,"dance pop, pop, post-teen pop, uk pop"
119,Pitbull,9555658.0,"dance pop, miami hip hop, pop, pop rap"
120,Sonu Nigam,9506056.0,"desi pop, filmi, modern bollywood"
121,Yo Yo Honey Singh,9404731.0,"desi pop, filmi, hindi hip hop, modern bollywood"
122,50 Cent,9380724.0,"east coast hip hop, gangster rap, hip hop, pop rap, queens hip hop, rap"
123,CNCO,9157830.0,"boy band, latin pop, reggaeton"
124,Kelly Clarkson,9120840.0,"dance pop, neo mellow, pop, post-teen pop, talent show, uk pop"
125,Avril Lavigne,9097882.0,"canadian pop, candy pop, dance pop, pop, post-teen pop"
126,Niall Horan,8829150.0,"dance pop, neo mellow, pop, post-teen pop, uk pop"
127,Arcangel,8825949.0,"latin hip hop, reggaeton, trap latino"
128,5 Seconds of Summer,8814633.0,"boy band, dance pop, pop, post-teen pop, uk pop"
129,Fleetwood Mac,8706984.0,"album rock, classic rock, rock, soft rock, yacht rock"
130,Snoop Dogg,8686870.0,"g funk, gangster rap, hip hop, pop rap, rap, west coast rap"
131,Flo Rida,8645421.0,"dance pop, miami hip hop, pop, pop rap"
132,Slipknot,8598971.0,"alternative metal, nu metal, rap metal"
133,Eagles,8584362.0,"album rock, classic rock, country rock, folk rock, heartland rock, mellow gold, rock, singer-songwriter, soft rock, yacht rock"
134,Maná,8541383.0,"latin arena pop, latin pop, latin rock, mexican pop, mexican rock, rock en espanol"
135,David Bowie,8482318.0,"art rock, classic rock, glam rock, permanent wave, rock"
136,Kodak Black,8470773.0,"florida rap, hip hop, melodic rap, miami hip hop, rap, trap"
137,Piso 21,8428487.0,"colombian pop, latin pop, reggaeton, reggaeton colombiano, trap latino"
138,SZA,8374364.0,"pop, r&b, rap"
139,Whitney Houston,8362283.0,"dance pop, pop, urban contemporary"
140,Natti Natasha,8355571.0,"latin pop, rap latina, reggaeton, trap latino"
141,System Of A Down,8350086.0,"alternative metal, nu metal, rap metal"
142,Roddy Ricch,8346727.0,"melodic rap, rap, trap"
143,DJ Khaled,8319650.0,"hip hop, miami hip hop, pop, pop rap, rap, southern hip hop, trap"
144,Nick Jonas,8312684.0,"dance pop, pop, post-teen pop, uk pop"
145,Lil Yachty,8294455.0,"atl hip hop, hip hop, melodic rap, rap, trap, underground hip hop, viral rap"
146,Wisin,8148576.0,"latin hip hop, reggaeton, trap latino"
147,Mariah Carey,8146681.0,"dance pop, pop, r&b, urban contemporary"
148,Kygo,8134874.0,"edm, pop, pop dance, tropical house"
149,DJ Snake,8064094.0,"dance pop, edm, electronic trap, pop, pop dance, pop rap"
150,Amy Winehouse,8033796.0,"british soul, indie r&b, neo soul"
151,Hailee Steinfeld,8031860.0,"dance pop, pop, post-teen pop, uk pop"
152,The Notorious B.I.G.,8025041.0,"east coast hip hop, gangster rap, hardcore hip hop, hip hop, rap"
153,Hungria Hip Hop,8023384.0,"brazilian hip hop, rap df, trap brasileiro"
154,MC Kevinho,7983329.0,"arrocha, funk carioca, funk ostentacao, funk pop"
155,Skrillex,7979720.0,"brostep, complextro, edm, electro"
156,Mac Miller,7958058.0,"hip hop, pittsburgh rap, rap"
157,Dr. Dre,7932231.0,"g funk, gangster rap, hip hop, rap, west coast rap"
158,Don Omar,7919700.0,"latin hip hop, puerto rican pop, reggaeton, trap latino"
159,Lil Pump,7916606.0,"emo rap, miami hip hop, rap, trap, viral rap"
160,Trippie Redd,7909088.0,"melodic rap, rap, trap"
161,KK,7878022.0,"desi pop, filmi, modern bollywood"
162,Selena Gomez & The Scene,7864105.0,"dance pop, pop, post-teen pop"
163,Marc Anthony,7850640.0,"latin pop, modern salsa, salsa, tropical"
164,Pearl Jam,7735362.0,"alternative rock, grunge, permanent wave, rock"
165,Oasis,7712673.0,"beatlesque, britpop, madchester, permanent wave, pop rock, rock"
166,Iron Maiden,7696604.0,"hard rock, metal, nwobhm, rock"
167,KISS,7606668.0,"album rock, glam rock, hard rock, metal, rock"
168,Luke Bryan,7604808.0,"contemporary country, country, country road"
169,JAY-Z,7597737.0,"east coast hip hop, hip hop, rap"
170,Rita Ora,7592797.0,"dance pop, edm, electropop, pop, pop rap, post-teen pop, tropical house, uk pop"
171,Reik,7580514.0,"latin arena pop, latin pop, mexican pop"
172,Bebe Rexha,7531004.0,"dance pop, electropop, pop, post-teen pop, uk pop"
173,Bryant Myers,7479846.0,"latin hip hop, reggaeton, reggaeton flow, trap latino"
174,The Script,7460037.0,"celtic rock, neo mellow, pop, pop rock, uk pop"
175,Young Thug,7455539.0,"atl hip hop, atl trap, gangster rap, hip hop, melodic rap, pop rap, rap, southern hip hop, trap"
176,NF,7430819.0,"hip hop, pop rap, rap"
177,Kesha,7422116.0,"dance pop, pop, post-teen pop, uk pop"
178,Ne-Yo,7403363.0,"dance pop, pop, urban contemporary"
179,Joan Sebastian,7394478.0,"banda, grupera, musica mexicana, norteno, ranchera"
180,2 Chainz,7360903.0,"atl hip hop, gangster rap, hip hop, pop rap, rap, southern hip hop, trap"
181,Radiohead,7358519.0,"alternative rock, art rock, melancholia, oxford indie, permanent wave, rock"
182,Grupo Firme,7324502.0,"musica mexicana, norteno, nueva musica mexicana, sierreno"
183,Lunay,7253905.0,"latin hip hop, latin pop, reggaeton, reggaeton flow, trap latino"
184,Naiara Azevedo,7229311.0,"funk carioca, sertanejo, sertanejo pop, sertanejo universitario"
185,Udit Narayan,7228372.0,"chutney, classic bollywood, desi pop, filmi"
186,Prince Royce,7222786.0,"bachata, latin hip hop, latin pop"
187,Kumar Sanu,7194253.0,"classic bollywood, desi pop, filmi, modern bollywood"
188,Tulus,7147406.0,"indonesian jazz, indonesian pop, indonesian singer-songwriter"
189,Troye Sivan,7115846.0,"australian pop, dance pop, pop, viral pop"
190,Christina Aguilera,7115205.0,"dance pop, pop, post-teen pop"
191,Muse,7106424.0,"modern rock, permanent wave, rock"
192,Paramore,7092156.0,"candy pop, pixie, pop emo, pop punk"
193,Darshan Raval,7089783.0,"desi pop, gujarati pop, modern bollywood"
194,blink-182,7087305.0,"pop punk, punk, rock, socal pop punk"
195,Soda Stereo,7048441.0,"argentine rock, latin alternative, latin rock, post-punk argentina, rock en espanol, ska argentino"
196,Yuvan Shankar Raja,7045202.0,"filmi, kollywood, tamil pop"
197,Megan Thee Stallion,7034241.0,"dance pop, houston rap, pop, rap, trap queen"
198,Bizarrap,6978398.0,"argentine hip hop, pop venezolano, trap argentino"
199,Juan Gabriel,6952886.0,"cancion melodica, latin pop, mariachi, musica mexicana, ranchera"
200,Rammstein,6932148.0,"alternative metal, german metal, industrial, industrial metal, industrial rock, neue deutsche harte, nu metal"
201,Rae Sremmurd,6924845.0,"hip hop, melodic rap, mississippi hip hop, pop rap, rap, southern hip hop, trap"
202,Playboi Carti,6914690.0,"atl hip hop, plugg, pluggnb, rap"
203,Mc Livinho,6911932.0,"funk carioca, funk ostentacao, funk paulista"
204,Mika Singh,6886761.0,"desi hip hop, desi pop, filmi, modern bollywood"
205,Black Eyed Peas,6881366.0,"dance pop, pop, pop rap"
206,Ha*Ash,6866674.0,"latin arena pop, latin pop, mexican pop"
207,Duki,6862156.0,"argentine hip hop, trap argentino, trap latino, trap triste"
208,Ricky Martin,6823561.0,"dance pop, latin pop, mexican pop, puerto rican pop"
209,Jason Mraz,6800128.0,"acoustic pop, neo mellow, pop, pop rock"
210,Trey Songz,6795545.0,"dance pop, hip pop, pop, r&b, southern hip hop, trap, urban contemporary"
211,The Doors,6794163.0,"acid rock, classic rock, psychedelic rock, rock"
212,A Boogie Wit da Hoodie,6742735.0,"melodic rap, rap, trap"
213,Jesse & Joy,6731303.0,"latin arena pop, latin pop, mexican pop"
214,6ix9ine,6695140.0,"emo rap, rap, trap"
215,Zion & Lennox,6693496.0,"latin hip hop, reggaeton, trap latino"
216,The Killers,6644035.0,"alternative rock, dance rock, permanent wave"
217,Blake Shelton,6638917.0,"contemporary country, country, country road, oklahoma country"
218,Tyga,6638519.0,"dance pop, hip hop, pop rap, rap, southern hip hop, trap"
219,Pritam,6618573.0,"desi pop, filmi, indian instrumental, modern bollywood"
220,Alejandro Sanz,6556499.0,"cantautor, latin arena pop, latin pop, mexican pop, rock en espanol, spanish pop"
221,Chayanne,6521199.0,"latin pop, puerto rican pop, tropical"
222,Alka Yagnik,6514672.0,"classic bollywood, desi pop, filmi, hare krishna, modern bollywood"
223,Tiësto,6497410.0,"big room, brostep, dance pop, dutch edm, edm, house, pop, pop dance, slap house, trance, tropical house"
224,Jonas Brothers,6486402.0,"boy band, dance pop, pop, post-teen pop, uk pop"
225,Meek Mill,6481503.0,"hip hop, philly rap, pop rap, rap, southern hip hop, trap"
226,ANAVITÓRIA,6468028.0,"folk brasileiro, nova mpb, pop lgbtq+ brasileira, pop nacional"
227,Luan Santana,6429598.0,"arrocha, sertanejo, sertanejo pop, sertanejo universitario"
228,Gerardo Ortiz,6428125.0,"banda, corrido, musica mexicana, norteno, nueva musica mexicana, sierreno"
229,Black Sabbath,6414617.0,"album rock, birmingham metal, classic rock, hard rock, metal, rock, stoner rock, uk doom metal"
230,Os Barões Da Pisadinha,6386488.0,"arrocha, forro, piseiro"
231,Aventura,6383626.0,"bachata, bachata dominicana, latin hip hop, latin pop, trap latino, tropical"
232,Mumford & Sons,6347350.0,"modern folk rock, stomp and holler, uk americana"
233,Major Lazer,6302403.0,"dance pop, edm, electro house, moombahton, pop, pop dance, pop rap, tropical house"
234,Prince,6298808.0,"funk, funk rock, minneapolis sound, synth funk"
235,Vishal Dadlani,6281364.0,"desi hip hop, desi pop, filmi, modern bollywood"
236,Lata Mangeshkar,6268615.0,"classic bollywood, desi pop, filmi, lata"
237,Noriel,6262153.0,"latin hip hop, reggaeton, reggaeton flow, trap latino"
238,John Legend,6260357.0,"neo mellow, neo soul, pop, pop soul, r&b, urban contemporary"
239,De La Ghetto,6242132.0,"latin hip hop, reggaeton, reggaeton flow, trap latino"
240,Los Ángeles Azules,6228606.0,"gruperas inmortales, musica mexicana, nu-cumbia, tropical"
241,Rick Ross,6220623.0,"dirty south rap, gangster rap, hip hop, pop rap, rap, southern hip hop, trap"
242,Yandel,6199874.0,"latin hip hop, reggaeton, reggaeton flow, trap latino"
243,Kehlani,6132653.0,"dance pop, pop, r&b, rap"
244,Matuê,6108678.0,"r&b brasileiro, rap cearense, trap brasileiro"
245,Iggy Azalea,6098372.0,"australian hip hop, dance pop, hip pop, pop, pop rap, post-teen pop, rap, uk pop, viral rap"
246,Dire Straits,6028796.0,"album rock, classic rock, mellow gold, rock, soft rock"
247,Ice Cube,6028684.0,"conscious hip hop, g funk, gangster rap, hip hop, rap, west coast rap"
248,Bee Gees,6025055.0,"disco, mellow gold, soft rock"
249,Ilaiyaraaja,6018379.0,"classic kollywood, filmi, tamil pop"
250,Florence + The Machine,6017975.0,"baroque pop, pop, uk alternative pop"
251,Pineapple StormTv,6003995.0,"rap baiano, trap baiano, trap brasileiro"
252,Kid Cudi,6000043.0,"hip hop, ohio hip hop, rap"
253,Alejandro Fernández,5998788.0,"latin arena pop, latin pop, mariachi, mexican pop, musica mexicana, ranchera"
254,Bryson Tiller,5942355.0,"kentucky hip hop, pop, r&b, rap, trap"
255,Greeicy,5919484.0,"colombian pop, latin pop, r&b en espanol, reggaeton, reggaeton colombiano"
256,Jeremih,5902838.0,"chicago rap, dance pop, pop, pop rap, r&b, urban contemporary"
257,Quavo,5898377.0,"atl hip hop, hip hop, melodic rap, pop rap, rap, southern hip hop, trap"
258,Hiphop Tamizha,5882014.0,"desi hip hop, tamil hip hop, tamil pop"
259,Nickelback,5847103.0,"alternative metal, canadian rock, nu metal, post-grunge"
260,Ciara,5815659.0,"dance pop, hip pop, pop, post-teen pop, r&b, urban contemporary"
261,Himesh Reshammiya,5814157.0,"desi hip hop, desi pop, filmi, modern bollywood"
262,Jhené Aiko,5804969.0,"pop, r&b, urban contemporary"
263,Zedd,5803650.0,"complextro, dance pop, edm, electro house, electropop, german techno, pop, pop dance, pop rap, tropical house, uk pop"
264,Jimi Hendrix,5798872.0,"acid rock, album rock, blues rock, classic rock, hard rock, proto-metal, psychedelic rock, rock"
265,Destiny's Child,5783131.0,"dance pop, girl group, hip pop, pop, r&b, urban contemporary"
266,Logic,5783112.0,"conscious hip hop, dmv rap, hip hop, pop rap, rap"
267,Stevie Wonder,5782834.0,"funk, indie r&b, motown, quiet storm, soul"
268,The 1975,5782661.0,"modern alternative rock, modern rock, pop, rock"
269,Scorpions,5776554.0,"album rock, german hard rock, german metal, german rock, hard rock, metal, rock"
270,Bob Dylan,5775647.0,"album rock, classic rock, country rock, folk, folk rock, rock, roots rock, singer-songwriter"
271,Frank Sinatra,5774772.0,"adult standards, easy listening, lounge"
272,Charlie Brown Jr.,5760298.0,"brazilian rock, hard rock brasileiro, rock alternativo brasileiro, rock nacional brasileiro"
273,Chance the Rapper,5737262.0,"chicago rap, conscious hip hop, hip hop, pop rap, rap"
274,Mohit Chauhan,5707604.0,"desi pop, filmi, modern bollywood"
275,Amit Trivedi,5689136.0,"desi pop, filmi, modern bollywood"
276,Korn,5660980.0,"alternative metal, funk metal, nu metal, rap metal, rock"
277,Wisin & Yandel,5655168.0,"electro latino, latin hip hop, reggaeton, trap latino"
278,Five Finger Death Punch,5634145.0,"alternative metal, groove metal, nu metal"
279,Shankar Mahadevan,5611772.0,"desi pop, filmi, modern bollywood"
280,Jubin Nautiyal,5609809.0,"desi pop, filmi, hare krishna, modern bollywood"
281,Lil Tjay,5601876.0,"brooklyn drill, melodic rap, nyc rap"
282,Jason Aldean,5559052.0,"contemporary country, country, country road"
283,Marco Antonio Solís,5532978.0,"grupera, latin pop, musica mexicana, ranchera, tropical"
284,Disturbed,5528677.0,"alternative metal, nu metal, rap metal"
285,Mau y Ricky,5521116.0,"latin pop, pop venezolano, reggaeton, trap latino"
286,H.E.R.,5520036.0,"pop, r&b, rap, urban contemporary"
287,Carlos Vives,5504702.0,"champeta, colombian pop, latin pop, tropical, vallenato"
288,Lil Tecca,5452575.0,"melodic rap, pluggnb, rap"
289,Kishore Kumar,5440306.0,"classic bollywood, desi pop, filmi, modern bollywood"
290,Michael Bublé,5435112.0,"adult standards, canadian pop, jazz pop, lounge"
291,Brytiago,5434101.0,"latin hip hop, reggaeton, reggaeton flow, trap latino"
292,Melim,5420411.0,"mpb, nova mpb, pop nacional"
293,Madison Beer,5408447.0,"alt z, dance pop, electropop, pop, post-teen pop, uk pop"
294,Carrie Underwood,5392105.0,"contemporary country, country, country dawn, oklahoma country"
295,The Vamps,5348800.0,"boy band, dance pop, pop, post-teen pop, uk pop"
296,Kevin Gates,5326006.0,"baton rouge rap, pop rap, rap, southern hip hop, trap"
297,Simone & Simaria,5317747.0,"funk carioca, pop nacional, sertanejo, sertanejo pop, sertanejo universitario"
298,Legião Urbana,5309254.0,"brazilian rock, mpb, rock brasiliense, rock nacional brasileiro"
299,LUDMILLA,5304465.0,"funk carioca, funk pop, pagode baiano, pop nacional"
300,La Arrolladora Banda El Limón De Rene Camacho,5302348.0,"banda, musica mexicana, ranchera"
301,Creedence Clearwater Revival,5271957.0,"classic rock, country rock, rock, southern rock, swamp rock"
302,Javed Ali,5269359.0,"desi pop, filmi, modern bollywood, sufi"
303,José José,5266408.0,"bolero, cancion melodica, latin pop, ranchera"
304,Tulsi Kumar,5245751.0,"desi pop, filmi, modern bollywood"
305,girl in red,5221036.0,"bedroom pop, bubblegrunge, indie pop, norwegian indie, pop"
306,Lauv,5208597.0,"electropop, pop, uk pop"
307,The Pussycat Dolls,5208348.0,"dance pop, girl group, pop, post-teen pop, urban contemporary"
308,Three Days Grace,5191705.0,"alternative metal, canadian metal, canadian rock, nu metal, post-grunge"
309,Carly Rae Jepsen,5136375.0,"canadian pop, dance pop, electropop, pop, post-teen pop, uk pop"
310,Bazzi,5124336.0,"dance pop, electropop, pop"
311,Bastille,5121783.0,"metropopolis, modern rock, pop, pop rock"
312,The Police,5117758.0,"album rock, classic rock, permanent wave, rock"
313,G-Eazy,5094191.0,"indie pop rap, oakland hip hop, pop, pop rap, rap"
314,Fergie,5080656.0,"dance pop, pop, post-teen pop, rap, urban contemporary"
315,Projota,5042677.0,"brazilian hip hop, brazilian rock, pop nacional"
316,Rage Against The Machine,5040763.0,"alternative metal, alternative rock, conscious hip hop, funk metal, nu metal, political hip hop, rap metal, rap rock, rock"
317,Bruce Springsteen,5037997.0,"classic rock, heartland rock, mellow gold, permanent wave, rock, singer-songwriter"
318,John Lennon,5034454.0,"album rock, art rock, beatlesque, classic rock, folk rock, mellow gold, rock"
319,Kevin Roldan,5010647.0,"latin hip hop, perreo, reggaeton, reggaeton colombiano, reggaeton flow, trap latino"
320,Eric Clapton,5005500.0,"blues rock, classic rock, electric blues, mellow gold, rock, soft rock"
321,Lizzo,4995092.0,"dance pop, escape room, minnesota hip hop, pop, trap queen"
322,Sin Bandera,4985986.0,"latin arena pop, latin pop, mexican pop"
323,Sfera Ebbasta,4975040.0,"italian hip hop, italian pop, trap italiana"
324,Van Halen,4967170.0,"album rock, classic rock, hard rock, metal, rock"
325,Cazzu,4963164.0,"argentine hip hop, rap latina, reggaeton, trap argentino, trap latino"
326,Clean Bandit,4901516.0,"dance pop, edm, pop, pop dance, tropical house, uk dance, uk funky, uk pop"
327,Florida Georgia Line,4896828.0,"contemporary country, country, country pop, country road, modern country rock"
328,Cosculluela,4891629.0,"latin hip hop, reggaeton, reggaeton flow, trap latino"
329,Felipe Araújo,4888705.0,"arrocha, sertanejo, sertanejo pop, sertanejo universitario"
330,Keith Urban,4846109.0,"australian country, australian pop, contemporary country, country, country road"
331,Lil Skies,4820131.0,"melodic rap, rap, trap"
332,J Alvarez,4816928.0,"latin hip hop, reggaeton, reggaeton flow, trap latino"
333,Fiersa Besari,4812008.0,"bandung indie, indonesian folk pop, indonesian indie, indonesian pop, indonesian pop punk"
334,Official HIGE DANdism,4802003.0,"anime, anime rock, j-pop"
335,Cigarettes After Sex,4798187.0,"ambient pop, dream pop, el paso indie, shoegaze"
336,Nacho,4780149.0,"dominican pop, latin pop, pop venezolano, reggaeton"
337,blackbear,4772667.0,"electropop, pop, pop rap"
338,Marcos & Belutti,4767159.0,"sertanejo, sertanejo pop, sertanejo universitario"
339,Alfredo Olivas,4763267.0,"banda, musica mexicana, nueva musica mexicana"
340,Limp Bizkit,4761894.0,"alternative metal, funk metal, nu metal, rap metal"
341,El Fantasma,4760064.0,"banda, corrido, musica mexicana, nueva musica mexicana"
342,Phil Collins,4751557.0,"mellow gold, rock drums, soft rock"
343,Lil Mosey,4746282.0,"melodic rap, rap, rap conscient, trap, vapor trap, viral rap"
344,Depeche Mode,4721947.0,"dance rock, new romantic, new wave, permanent wave, synthpop"
345,Natanael Cano,4713040.0,"corrido, corridos tumbados, musica mexicana, nueva musica mexicana, sierreno"
346,Mc Don Juan,4706881.0,"arrocha, batidao romantico, funk carioca, funk paulista"
347,The Offspring,4697248.0,"alternative metal, permanent wave, punk, rock, skate punk, socal pop punk"
348,Marvin Gaye,4690908.0,"classic soul, funk, indie r&b, motown, northern soul, quiet storm, soul"
349,The Who,4687612.0,"album rock, art rock, blues rock, british invasion, classic rock, hard rock, mellow gold, psychedelic rock, rock"
350,Bruno & Marrone,4681367.0,"sertanejo, sertanejo pop, sertanejo universitario"
351,Jon Z,4671457.0,"reggaeton, reggaeton flow, trap latino"
352,Mc Kevin,4669500.0,"funk carioca, funk ostentacao, funk paulista"
353,Amr Diab,4653784.0,"arab pop, belly dance, egyptian pop, persian pop, rif"
354,French Montana,4648251.0,"gangster rap, hip hop, pop rap, rap, southern hip hop, trap"
355,Alexis y Fido,4599662.0,"latin hip hop, reggaeton, reggaeton flow, trap latino"
356,Tory Lanez,4595919.0,"canadian hip hop, canadian trap, melodic rap, pop, pop rap, r&b, rap, toronto rap, trap"
357,Billy Joel,4579078.0,"classic rock, folk rock, mellow gold, piano rock, rock, singer-songwriter, soft rock"
358,Pablo Alborán,4577953.0,"latin arena pop, latin pop, spanish pop"
359,$uicideboy$,4561646.0,"dark trap, new orleans rap, underground hip hop"
360,ONE OK ROCK,4559309.0,"j-pop, j-poprock, j-rock, japanese emo, visual kei"
361,Gunna,4558790.0,"atl hip hop, melodic rap, rap, trap"
362,Ella Mai,4555178.0,"dance pop, pop, r&b, rap, uk contemporary r&b, urban contemporary"
363,Lary Over,4549942.0,"latin hip hop, reggaeton, reggaeton flow, trap latino"
364,Julia Michaels,4541950.0,"alt z, dance pop, electropop, pop, post-teen pop"
365,Lil Durk,4537095.0,"chicago drill, chicago rap, drill, hip hop, rap, trap"
366,Journey,4536771.0,"album rock, classic rock, hard rock, mellow gold, rock, soft rock"
367,The Strokes,4523700.0,"alternative rock, garage rock, modern rock, permanent wave, rock"
368,Calum Scott,4503839.0,"neo mellow, pop, uk pop"
369,Ludwig van Beethoven,4497004.0,"classical, classical era, early romantic era, german romanticism"
370,Gucci Mane,4454550.0,"atl hip hop, dirty south rap, gangster rap, hip hop, pop rap, rap, southern hip hop, trap"
371,KHEA,4437145.0,"argentine hip hop, trap argentino, trap latino, trap triste"
372,DIVINE,4435591.0,"desi hip hop, desi pop, desi trap, hindi hip hop"
373,Papa Roach,4434113.0,"alternative metal, nu metal, rap metal, rap rock"
374,Sabrina Carpenter,4426895.0,"alt z, dance pop, electropop, pop, post-teen pop, uk pop"
375,Carin Leon,4425171.0,"corrido, musica mexicana, nueva musica mexicana, sierreno"
376,Bring Me The Horizon,4421272.0,"melodic metalcore, metalcore, rock, uk metalcore"
377,Mithoon,4408039.0,"desi pop, filmi, modern bollywood, sufi"
378,N.W.A.,4406958.0,"conscious hip hop, gangster rap, golden age hip hop, hardcore hip hop, hip hop, old school hip hop, rap, west coast rap"
379,Ozzy Osbourne,4390619.0,"album rock, birmingham metal, hard rock, metal, rock"
380,Dadju,4386145.0,"francoton, french hip hop, pop urbaine"
381,La Adictiva Banda San José de Mesillas,4362521.0,"banda, musica mexicana, nueva musica mexicana, ranchera"
382,Zoé,4360510.0,"latin alternative, latin rock, mexican rock, morelos indie, rock en espanol"
383,Fetty Wap,4352254.0,"dance pop, new jersey rap, pop, pop rap, rap, southern hip hop, trap"
384,Danny Ocean,4342381.0,"pop venezolano, reggaeton, trap latino"
385,Ty Dolla $ign,4339428.0,"dance pop, hip hop, pop, pop rap, r&b, southern hip hop, trap, trap soul, urban contemporary"
386,T.I.,4332136.0,"atl hip hop, dance pop, dirty south rap, gangster rap, hip hop, pop rap, rap, southern hip hop, trap"
387,Kane Brown,4331772.0,"black americana, contemporary country, country, country road"
388,Dhanush,4313838.0,"filmi, kollywood, tamil pop"
389,Shaan,4304261.0,"desi pop, filmi, modern bollywood"
390,Dalex,4284983.0,"r&b en espanol, reggaeton, trap latino"
391,Skillet,4270681.0,"alternative metal, christian alternative rock, christian music, christian rock"
392,DNCE,4266483.0,"dance pop, pop, post-teen pop, uk pop"
393,Simon & Garfunkel,4266197.0,"classic rock, folk, folk rock, melancholia, mellow gold, rock"
394,Eazy-E,4261509.0,"g funk, gangster rap, hardcore hip hop, hip hop, rap, west coast rap"
395,Lynyrd Skynyrd,4251746.0,"album rock, blues rock, classic rock, country rock, hard rock, mellow gold, rock, southern rock"
396,Gustavo Mioto,4248012.0,"arrocha, sertanejo, sertanejo pop, sertanejo universitario"
397,ScHoolboy Q,4244741.0,"gangster rap, hip hop, pop rap, rap, southern hip hop, trap, underground hip hop"
398,Franco De Vita,4231118.0,"latin arena pop, latin pop, rock en espanol"
399,Thomas Rhett,4211796.0,"contemporary country, country, country road"
400,Megadeth,4203669.0,"album rock, alternative metal, hard rock, melodic thrash, metal, old school thrash, rock, speed metal, thrash metal"
